{
  "train_loss": [
    0.690491468741976,
    0.6832331172351179,
    0.6680909641857805,
    0.6429661635694832,
    0.6078568861402315
  ],
  "train_acc": [
    98.47494553376906,
    100.0,
    100.0,
    100.0,
    100.0
  ],
  "val_loss": [
    0.6878344813982645,
    0.6768182516098022,
    0.6572727560997009,
    0.62602831919988,
    0.5863204002380371
  ],
  "val_acc": [
    100.0,
    100.0,
    100.0,
    100.0,
    100.0
  ],
  "learning_rate": [
    0.0001,
    0.0001,
    0.0001,
    0.0001,
    0.0001
  ]
}